{
    "contents": [
        {"id": 1, "title": "Токио: горы, храмы и...", "text": "Моя первая поездка в Токио. Ужасно вдохновилась местными храмами и культурой! Хочу рассказать, как тур...", "img": "r3"},
        {"id": 2, "title": "Мегаполис", "text": "В Нью Йорк дешево не съездить. Но я постараюсь помочь проветси каникулы в Нью Йоре как можно де...", "img": "r4"},
        {"id": 3, "title": "Уютная Германия", "text": "Хочу поделиться своей поездкой в Германию и рассказать про то, как потратиться по-минимуму", "img": "r2"},
        {"id": 4, "title": "Путешествие в Париж", "text": "Что может быть романтичнее поездки в Париж? Я побывала в самых вкусных местах этого города и хочу...", "img": "r1"}
    ]
}
